{
  "RLTS_3": {
    "sum": 639773.1323877253,
    "sum_sq": 1549355.3298465116,
    "count": 364560,
    "min": -17.918456404987833,
    "max": 32.94599084154294,
    "mean": 1.75491862076949,
    "std": 1.0817545763429215
  },
  "KAPPA_LOC": {
    "sum": 514040.14003591007,
    "sum_sq": 730508.3778671912,
    "count": 364560,
    "min": 0.44009066400438474,
    "max": 3.1037627,
    "mean": 1.4100289116631284,
    "std": 0.12500733642278866
  },
  "ZETA_LOC": {
    "sum": -3762.8837373409924,
    "sum_sq": 90.27361629239613,
    "count": 364560,
    "min": -0.19055439,
    "max": 2.447163789543073,
    "mean": -0.010321713126346808,
    "std": 0.011877950972256874
  },
  "TAUS_3": {
    "sum": 421461.9718693874,
    "sum_sq": 528001.7655621754,
    "count": 364560,
    "min": 0.07954156481091881,
    "max": 25.414076164821275,
    "mean": 1.1560839693586442,
    "std": 0.3343590327420567
  },
  "VPAR_1": {
    "sum": 94821.51057748123,
    "sum_sq": 40244.74048720613,
    "count": 364560,
    "min": -1.6840542238563645,
    "max": 2.447163789543073,
    "mean": 0.26009850388819733,
    "std": 0.2067399509330142
  },
  "Q_LOC": {
    "sum": 709327.5915242889,
    "sum_sq": 1735297.1876185762,
    "count": 364560,
    "min": 0.13354069,
    "max": 11.679374,
    "mean": 1.9457087763997392,
    "std": 0.9870128074162592
  },
  "RLNS_1": {
    "sum": 261453.98455546118,
    "sum_sq": 891764.2150799657,
    "count": 364560,
    "min": -17.608877354105836,
    "max": 39.47601878183872,
    "mean": 0.7171768283834243,
    "std": 1.3898905700680055
  },
  "TAUS_2": {
    "sum": 421461.9718693874,
    "sum_sq": 528001.7655621754,
    "count": 364560,
    "min": 0.07954156481091881,
    "max": 25.414076164821275,
    "mean": 1.1560839693586442,
    "std": 0.3343590327420567
  },
  "Q_PRIME_LOC": {
    "sum": 4673791.381742716,
    "sum_sq": 269285550.3268209,
    "count": 364560,
    "min": -1482.3522076772679,
    "max": 974.8060225069141,
    "mean": 12.820362578842209,
    "std": 23.964502346378882
  },
  "P_PRIME_LOC": {
    "sum": -1833.5474125337741,
    "sum_sq": 35.60343494503614,
    "count": 364560,
    "min": -0.2434023465959001,
    "max": 2.447163789543073,
    "mean": -0.00502948050398775,
    "std": 0.008506803867373722
  },
  "ZMAJ_LOC": {
    "sum": -3591.907127995636,
    "sum_sq": 2028.2268436549766,
    "count": 364560,
    "min": -1.010783233986468,
    "max": 2.447163789543073,
    "mean": -0.009852718696498891,
    "std": 0.07393521815254518
  },
  "VPAR_SHEAR_1": {
    "sum": 176853.49533173384,
    "sum_sq": 360425.39740848093,
    "count": 364560,
    "min": -21.806512893275997,
    "max": 29.742198409549744,
    "mean": 0.48511492026479547,
    "std": 0.8679413367498123
  },
  "RLTS_2": {
    "sum": 639773.1323877253,
    "sum_sq": 1549355.3298465116,
    "count": 364560,
    "min": -17.918456404987833,
    "max": 32.94599084154294,
    "mean": 1.75491862076949,
    "std": 1.0817545763429215
  },
  "S_DELTA_LOC": {
    "sum": 67269.00929496571,
    "sum_sq": 30651.40918043025,
    "count": 364560,
    "min": -1.5825410400347435,
    "max": 3.1070829156447592,
    "mean": 0.18452109198750744,
    "std": 0.22367338733350392
  },
  "RLTS_1": {
    "sum": 800701.593026141,
    "sum_sq": 3223934.950817888,
    "count": 364560,
    "min": -30.936937512986326,
    "max": 46.9297961027292,
    "mean": 2.196350650170455,
    "std": 2.0048448330053787
  },
  "RMIN_LOC": {
    "sum": 185690.0772892488,
    "sum_sq": 115264.59432611444,
    "count": 364560,
    "min": 0.0393397369772635,
    "max": 2.447163789543073,
    "mean": 0.5093539535035352,
    "std": 0.23818711360503697
  },
  "DRMAJDX_LOC": {
    "sum": -47731.27221061386,
    "sum_sq": 9067.454839124983,
    "count": 364560,
    "min": -0.6113880969079446,
    "max": 2.447163789543073,
    "mean": -0.13092844034072268,
    "std": 0.0879208087529958
  },
  "AS_3": {
    "sum": 10098.829271705792,
    "sum_sq": 382.89359253654663,
    "count": 364560,
    "min": 0.0003567654127549806,
    "max": 2.447163789543073,
    "mean": 0.027701418893202195,
    "std": 0.01682025668899383
  },
  "RLNS_3": {
    "sum": 101837.64230848788,
    "sum_sq": 1138378.79152445,
    "count": 364560,
    "min": -28.142950307150937,
    "max": 36.51378137250083,
    "mean": 0.27934398263245525,
    "std": 1.74487168182441
  },
  "DZMAJDX_LOC": {
    "sum": -8155.522851208934,
    "sum_sq": 2612.538873106508,
    "count": 364560,
    "min": -1.6633163997622447,
    "max": 2.447163789543073,
    "mean": -0.02237086584158694,
    "std": 0.08164449713533128
  },
  "DELTA_LOC": {
    "sum": 35213.88124712304,
    "sum_sq": 5472.4956810529775,
    "count": 364560,
    "min": -0.57241946,
    "max": 2.447163789543073,
    "mean": 0.09659282764736406,
    "std": 0.07537280832058214
  },
  "S_KAPPA_LOC": {
    "sum": 52132.26794333459,
    "sum_sq": 19687.73287631269,
    "count": 364560,
    "min": -0.6044325883542379,
    "max": 3.872877744512616,
    "mean": 0.14300051553471196,
    "std": 0.1831800959857397
  },
  "ZEFF": {
    "sum": 667484.4137991015,
    "sum_sq": 1314933.5714294482,
    "count": 364560,
    "min": 0.44009066400438474,
    "max": 3.5,
    "mean": 1.8309315717552708,
    "std": 0.5045744348435192
  },
  "VEXB_SHEAR": {
    "sum": -15981.283735940717,
    "sum_sq": 2591.762437872265,
    "count": 364560,
    "min": -2.338747812560479,
    "max": 2.447163789543073,
    "mean": -0.0438371838269166,
    "std": 0.0720249291838245
  },
  "RMAJ_LOC": {
    "sum": 1075299.376345557,
    "sum_sq": 3183830.05174706,
    "count": 364560,
    "min": 0.44009066400438474,
    "max": 4.59825825879575,
    "mean": 2.949581348325535,
    "std": 0.18253712795897536
  },
  "AS_2": {
    "sum": 289897.15931062016,
    "sum_sq": 235436.97729406375,
    "count": 364560,
    "min": 0.03873682640542415,
    "max": 2.447163789543073,
    "mean": 0.7951973867418811,
    "std": 0.11607085296281479
  },
  "RLNS_2": {
    "sum": 247066.55191009742,
    "sum_sq": 1157436.91775434,
    "count": 364560,
    "min": -34.06835779103256,
    "max": 44.37784319643434,
    "mean": 0.6777116302120294,
    "std": 1.6479060216930588
  },
  "S_ZETA_LOC": {
    "sum": -5743.196589994583,
    "sum_sq": 983.7653390164487,
    "count": 364560,
    "min": -1.4775075211462803,
    "max": 2.447163789543073,
    "mean": -0.015753776031365435,
    "std": 0.04950069728601354
  },
  "BETAE_log10": {
    "sum": -915450.722878964,
    "sum_sq": 2382260.2626166856,
    "count": 364560,
    "min": -5.163120385155321,
    "max": 2.447163789543073,
    "mean": -2.5111112653032808,
    "std": 0.4784746662767193
  },
  "XNUE_log10": {
    "sum": -389287.02747487155,
    "sum_sq": 506941.73340513726,
    "count": 364560,
    "min": -3.1857894660624817,
    "max": 2.608774413343839,
    "mean": -1.0678270448619473,
    "std": 0.5003030605943505
  },
  "DEBYE_log10": {
    "sum": -595291.1796908833,
    "sum_sq": 979471.0058866208,
    "count": 364560,
    "min": -2.6781871010986817,
    "max": 2.447163789543073,
    "mean": -1.6329031700978804,
    "std": 0.1426472290146302
  }
}